{
    "episode": 160530,
    "total_average": [
        2001.703123400977,
        2458.897952632164,
        1946.419359709893,
        1281.7304463684707,
        2100.923792128144,
        1819.9165606036192,
        2481.641406181075,
        1688.5160247000913,
        1613.2093692740725,
        7483.95536102053,
        2310.4217539838482,
        2446.6500839468395,
        2979.276039408308,
        1373.1103366218908,
        2415.7005089084873,
        2443.1121855447436,
        2955.060520772874,
        2096.967546859486,
        1800.383617762342,
        1991.6098000470977,
        1731.802502206186,
        3654.053687883412,
        2956.6266073916336,
        2420.820718397274,
        1860.6015564574366,
        1632.8643470916923,
        2128.843472880306,
        1560.5511677100903,
        3927.2097057342353,
        5488.6288423176165,
        1961.9705111106412,
        2331.414899999158,
        2761.018907391295,
        3108.0337068134586,
        3562.30168444391,
        1450.6862095556191,
        2185.4770296429942,
        1594.1084820605945,
        2322.8552341177,
        1719.8747644477355,
        1934.9194529205313,
        3621.2779120421137,
        2088.851493157096,
        2769.9148696103593,
        3087.9188755187456,
        2445.696858149265,
        2382.8246574305326,
        1728.463351354235,
        1704.8457211790967,
        1860.706220908382,
        1499.11661870841,
        8370.52831502788,
        1871.975669911431,
        2704.461230446593,
        2855.182028621052,
        1853.1941014456227,
        2044.3068346234452,
        3325.3873726581423,
        1940.294614079794,
        2998.7294534008515,
        2023.979254879761,
        3024.7491086440555,
        2626.905975984064,
        1427.4040865033107,
        2944.0056825761153,
        3118.793575762823,
        1438.8049742259955,
        1719.2238916845567,
        1607.8620819454618,
        6975.436332491764,
        2268.7715972507403,
        1893.2075755939213,
        1893.9027960180742,
        2348.302668767872,
        3582.300158767116,
        2892.6822921977828,
        1904.4030597570197,
        5120.001408396444,
        1957.1991336601313,
        2145.471102248528,
        2180.454305816661,
        1461.100363508523,
        1617.4205917852958,
        2349.4704318532213,
        2331.858484387121,
        1696.6316976261146,
        2687.247152677468,
        1942.3780885113506,
        3807.9044177635787,
        1453.0487184439849,
        2346.6441242517512,
        2043.5735158006005,
        2721.615398199732,
        1888.748947054851,
        2220.132219836445,
        1952.319208876928,
        2295.178990287091,
        1694.5302274492003,
        4400.00972698719,
        3534.18743406606
    ],
    "buy_and_hold_minus_net_worth_relative_to_initial_in_percent_queue": [
        111.20731054429895,
        118.56057748913646,
        149.607928230238,
        85.60861180243482,
        132.07184122334075,
        91.65505283950894,
        140.53430957296342,
        42.23632138752285,
        286.6868243210073,
        190.30444352618488
    ],
    "avg_price_minus_avg_net_worth_relative_to_initial_in_percent_queue": [
        -23.64765521528438,
        -35.87506648953622,
        -35.7758972862184,
        -23.112381835311556,
        -42.88302835067525,
        -32.01295836503091,
        -42.457334856883676,
        -10.495949091406331,
        -38.26937365140093,
        -30.813245979270683
    ],
    "best_average": 2962.8659986564217,
    "average": 2506.754062812602
}