{
    "episode": 14540,
    "total_average": [
        1037.4286042605725,
        1123.7188561379585,
        1042.3503283058683,
        1391.5449488965287,
        1266.8106855020337,
        1205.5374098662492,
        1348.8584205335476,
        1397.9896771689748,
        1140.5966196181646,
        1230.6104779129666,
        1309.120820438952,
        1024.4444623391266,
        1110.5292808452707,
        1056.2756969393279,
        1123.734849593524,
        1258.5114065097646,
        1037.034839981637,
        936.6904623821443,
        1181.9803827483254,
        1077.5238966809568,
        1332.0609272707063,
        1125.4706778054597,
        1081.1844099243372,
        1247.6658679051807,
        1084.4667571614848,
        1107.6964029385142,
        1109.598777527902,
        1090.5125965307618,
        1415.2166669806666,
        1113.934775980708,
        1232.1741326986635,
        1149.900319160916,
        1123.3506646078213,
        1345.448506305981,
        1077.2581054124967,
        1041.147640780215,
        1284.7218504762347,
        1187.2120848396876,
        1197.7128854744524,
        1136.155790362053,
        1160.0013129087824,
        1021.0340625967577,
        1058.3934754354325,
        1000.4255774858531,
        1155.9407505058157,
        1176.814669815227,
        1223.2611151899619,
        1068.7574359244902,
        1137.007250072838,
        1159.7593516075594,
        1290.2400314527276,
        1185.4046999810284,
        1173.21538718233,
        1385.6153439815153,
        1040.630612429833,
        1372.142944965857,
        950.4451359968649,
        1066.6649599306113,
        1155.286224154278,
        1224.7815938152864,
        1538.8281889350615,
        1206.54910257392,
        1360.8113379685244,
        1012.7888430484321,
        1123.8284778779916,
        1072.282694709607,
        1546.9036204447925,
        1250.5213979682167,
        1341.6559799706806,
        1459.566832604152,
        1041.318340954082,
        1176.1049350616754,
        1294.383110482601,
        1483.411822158283,
        1089.3310010075154,
        1251.012990948026,
        1163.4325798962257,
        1619.5146248111464,
        1098.8542446479328,
        1157.7252456928454,
        1104.4306347590323,
        1013.0152645051753,
        1346.2362555359484,
        1230.7749069144195,
        1045.3908160745093,
        1100.8426773887204,
        1466.6584377076485,
        1572.6397876640688,
        1151.5875044037484,
        1416.8430576124408,
        1056.0055282300093,
        1176.88410036777,
        1146.8787927976573,
        1138.6639608643195,
        1036.2684810289827,
        1037.8339342970232,
        1155.0803288059417,
        1186.6769455892465,
        1018.0381681565782,
        1519.713989757347,
        1151.1918748639494,
        1036.9937822820646,
        1277.249912716127,
        1316.9691387731696,
        1164.3266230225229,
        1091.1273278670678,
        1129.3487753130746,
        1538.3023876775471,
        1212.5594413150136,
        980.7531367510688,
        1239.4808624507136,
        1075.2442371028894,
        1125.2269947186126,
        1160.9141163838858,
        1001.6165665957509,
        1156.0863817996444,
        1051.6174014039993,
        1052.8401773038793,
        1055.5962895496891,
        1247.6337919743594,
        1149.2566937124577,
        1207.4546694708058,
        1262.4650894149104,
        1146.3337126222486,
        1134.985608292982,
        1306.6980814490198,
        1064.9296049981824,
        1053.129722284958,
        1340.6653610223314,
        1158.029041654504,
        1503.7470151063071,
        1040.8446977749995,
        1025.6316913007427,
        1555.8901262726285,
        1128.5835718448452,
        920.93509638118,
        1021.9427407763028,
        1134.1576223429047,
        1109.3753254053345,
        1040.8404040997377,
        1224.2974704562337,
        981.6402810957163,
        1311.0763482040145,
        1217.225947962852,
        1362.524743956814,
        1038.1575212367723,
        1148.4702095002783,
        1349.4436030935667,
        1015.7174799664053,
        1009.9114649370592,
        1199.3143131753757,
        1135.6858239786166,
        1058.2377125472356,
        1211.5277556388269,
        1090.0354805264672,
        1178.0944841221715,
        1105.9142611506031,
        1217.0041283990347,
        1302.5587163692974,
        1297.4466073720275,
        1067.565272835269,
        1053.9196497799371,
        1125.4457468635808,
        1006.7002284849327,
        1147.3640382568228,
        1200.8855414029506,
        1035.9011501750497,
        1070.0164310732168,
        1061.6712014460509,
        998.3489430942665,
        1174.1481108072783,
        1199.3397060731147,
        1153.9121784888166,
        1024.2490858824785,
        1043.82059086564,
        1378.1757291213146,
        1088.9512911357735,
        1033.0586453770043,
        1150.7030116072415,
        1067.177329820961,
        1171.4949938425586,
        1058.062999398998,
        1233.9588229759754,
        1633.668864029974,
        1097.9004804725596,
        1135.2940253863965,
        1534.5304315120518,
        1200.7382099478193,
        1128.7860267560447,
        1091.7655491429603,
        1287.216729736812,
        1063.2964956920887,
        1058.745216913178,
        1296.565601482035,
        1086.107244864732,
        1009.7562224984816,
        1510.1574444401738,
        964.2899853817311,
        1117.3105012489114,
        1222.6793548876317,
        1211.1980347828357,
        1271.3694994611749,
        1044.3967778894232,
        1058.6684549576428,
        1385.8122650670698,
        1130.1239887000916,
        1168.0117744319627,
        1302.568496498634,
        1015.7658357233979,
        1081.2623729978282,
        1024.0833737178887,
        1046.0121471402545,
        1086.5336722153124,
        1077.702886386569,
        1204.3033509093393,
        1106.363100875381,
        1193.5754191706292,
        1013.5774734490924,
        1041.0786525260326,
        1011.970090331849,
        1178.5456058534269,
        1031.8443250986816,
        1500.5863027488394,
        1166.6517973814741,
        1058.9639835602848,
        1054.8190294897458,
        1029.8309419722316,
        1034.3336298036852,
        1088.8602977703956,
        1111.876159737877,
        1144.5517912470852,
        1316.5125942085538,
        1120.9226852794493,
        1494.1037624681724,
        1090.0036134687707,
        1154.34751644913,
        1105.3070223964614,
        1037.3991499238405,
        1076.6627598068512,
        1095.1476576574964,
        1043.8080623055005,
        1114.1806813149658,
        1371.6176762113917,
        1027.0015258765593,
        1280.1110223560097,
        1109.2353336974538,
        1053.790669481733,
        1079.1781655180375,
        1025.8817578504286,
        1071.1858877386305,
        1460.79545752903,
        1199.7022160259312,
        1058.3367872669548,
        1389.666057698185,
        1067.3531263841717,
        1133.7816647006644,
        1068.2088692600857,
        1148.8199134305266,
        1090.6362025577173,
        1342.5165996154929,
        1282.7854310444873,
        1032.5474967026842,
        1051.2985260815658,
        1158.3114512341158,
        1042.9548461818238,
        1151.4634978616184,
        1016.3830295143624,
        1226.4229960010969,
        1159.534511597708,
        1158.0189467822247,
        1168.3353050760966,
        1073.5447762139609,
        1071.8566883149867,
        1057.2139984601104,
        1073.3388181227613,
        1247.5005310161578,
        1068.1900361648595,
        1171.8978025146255,
        1268.726140886129,
        1635.639488656304,
        1214.6794520721803,
        1201.4481892920269,
        1091.3455364568867,
        1040.535492879921,
        1048.6152602228851,
        1073.0526972243586,
