{
    "episode": 21820,
    "total_average": [
        1156.157103188277,
        1192.0608373178177,
        1310.9787479290069,
        1062.8072193895525,
        1101.498390220105,
        1182.4049867203416,
        1118.8299677195528,
        1271.365307889405,
        1131.5341132120259,
        1296.2447230112232,
        1053.4394036211086,
        1163.7970982471356,
        1377.3270228439092,
        1443.6505350503733,
        1213.8473114656929,
        1225.9154314165683,
        1095.8495679116054,
        1038.9682149794744,
        1134.7602773269143,
        1120.8834787676767,
        1107.6634190375678,
        1955.0741998326148,
        1095.0517333836076,
        1233.2480281163655,
        1543.439437742892,
        1200.6115937816346,
        1248.6141933261963,
        1200.6138518743776,
        1954.0284930793866,
        1295.075330047735,
        1033.7590113513334,
        1077.6948804021388,
        1089.8875056993443,
        1878.6089743514526,
        1914.0517999649232,
        1074.617679629638,
        1048.0607412496306,
        1105.4584731849613,
        1343.3404698204852,
        1166.3047448318998,
        1171.3849930343063,
        1254.06631310056,
        1081.828048921689,
        1113.6394461085897,
        1410.973228069627,
        1038.0672681289273,
        1797.1922184543141,
        1284.9306026784905,
        1168.1514361479271,
        1477.1392608714884,
        1204.3419705754384,
        1177.9102262920371,
        1257.247899650659,
        1356.8881938399015,
        1026.5292847702053,
        1164.337251090485,
        1193.0968514100657,
        1288.1601210633212,
        2013.6643974483063,
        1086.1805026995273,
        1585.486372182473,
        1412.7689350925166,
        1260.0343420336756,
        1590.5475528987185,
        1342.0179695531356,
        1412.5250403756013,
        1164.6859040884146,
        2214.4149361912087,
        1349.3386140077025,
        1187.8219694351988,
        1201.254837409817,
        1577.917642323264,
        1100.0557860674733,
        1463.1682589000945,
        1186.2717112314067,
        1285.3263174962347,
        1161.8767382713797,
        1143.4130669050846,
        1170.4982386865038,
        1708.5257846385548,
        1200.704222514623,
        1147.9116197276292,
        1578.572978979847,
        1481.4815393610954,
        1124.882988138259,
        1228.1773236868887,
        1172.4693713271415,
        1255.9220074853088,
        1361.3720417825277,
        1043.0161021383763,
        1591.048734127541,
        1955.0921355940468,
        1144.6681388808497,
        1343.1296517077112,
        1549.0271776966015,
        1115.8293323772111,
        1711.2612109970814,
        1775.5701346106819,
        1614.7587128213843,
        1108.3992421912278
    ],
    "buy_and_hold_minus_net_worth_relative_to_initial_in_percent_queue": [
        -256.64487341275407,
        -624.1192135594047,
        608.833186111915,
        -1114.5129651707712,
        -719.5864363196603,
        108.02706676227893,
        -287.0261210997081,
        -219.08701346106807,
        123.72412871786157,
        -91.43346615612279
    ],
    "avg_price_minus_avg_net_worth_relative_to_initial_in_percent_queue": [
        6.151338830123751,
        10.060613183275807,
        42.764888274123955,
        53.38746596282969,
        33.744105327911605,
        6.332535455925671,
        9.64304717677611,
        9.642091929612418,
        48.22022705823892,
        9.652278925144719
    ],
    "best_average": 1330.1150498852026,
    "average": 1308.444984972263
}