{
    "episode": 120,
    "total_average": [
        881.9852116810758,
        991.8190149177746,
        1288.2329207406701,
        874.8937048171596,
        975.0982138801363,
        873.7128305963499,
        912.7026450454392,
        1246.638192872688,
        1049.141250746282,
        964.9829438936149,
        904.4484726125622,
        974.7044181279701,
        1093.3656611948243,
        1254.7907581497066,
        1018.537090243016,
        1156.2550997614856,
        1082.1080272713411,
        909.8004774313118,
        932.4603279359493,
        1132.9473017593625,
        1013.6613759035367,
        1033.420165528606,
        861.5970321468764,
        1180.052658211161,
        1106.1436526267455,
        981.1390812013492,
        917.1249439325104,
        1055.3798359310304,
        991.6508959889745,
        1102.8575992778874,
        930.2274692504877,
        784.8833831294812,
        1026.496887357574,
        1241.0378960749106,
        1028.753335017277,
        894.112448403396,
        945.6058002888616,
        1129.2965190338748,
        800.5434437371139,
        859.6087749928483,
        979.7607454657069,
        1202.81486048642,
        989.1174754116621,
        1013.4366112822756,
        983.0771294964303,
        942.3210197317131,
        1069.9041739881397,
        1010.3352896909811,
        1070.2827059251665,
        889.0849565046435,
        934.6052390497005,
        1106.4527134711225,
        1047.013613757232,
        1153.7734733291682,
        879.6934575058801,
        1141.1937112219882,
        1071.5319547298395,
        909.9692224674279,
        913.1389490540055,
        996.7547065424642,
        1002.3736438788562,
        974.5399291255717,
        1000.0211800230559,
        1027.7618561354188,
        1148.5286191915106,
        776.2201646222665,
        786.6441680607361,
        1054.1317061152706,
        948.4331684188659,
        992.6691313228199,
        1120.9356397203142,
        1060.1117465787722,
        875.6805928785601,
        1231.077280637873,
        999.4160739701435,
        1094.5237961288544,
        1011.1989205134602,
        1106.6785077791867,
        838.1784321432109,
        957.8614231521345,
        1002.5210571536793,
        981.4246330698012,
        924.955928646839,
        841.2447170928723,
        1000.6942538916712,
        988.4191797827601,
        1059.795726184605,
        1267.7784021529174,
        960.8585465871556,
        998.5092016239759,
        819.6300797582246,
        1427.7522892229238,
        1110.2183750360289,
        891.0126069760194,
        1313.4685872738614,
        981.96722012924,
        1290.4215189155823,
        938.0694135875747,
        1049.4970157235502,
        1024.7896443714492,
        973.4807840404565,
        1013.2550377316232,
        968.6345220625619,
        914.9815283759748,
        950.8095988354022,
        936.7799023552581,
        646.5893808847725,
        1093.5148719626472,
        901.2331746644152,
        886.9384300042997,
        893.0669716008887,
        1183.032864284828,
        999.4533859653172,
        903.0585664840706,
        989.9887536412797,
        1038.3024079743504,
        1085.6003074557675,
        996.8089208215083,
        1051.2334589385694
    ],
    "best_average": 1015.8649414840282,
    "average": 1008.514764844427
}