{
    "episode": 80,
    "total_average": [
        1298.7658860038784,
        1026.3462089382842,
        1121.1962108169885,
        778.8646977517908,
        1162.4350563941543,
        994.6700902835722,
        969.6608019001362,
        1014.6017978572172,
        1087.4099086010328,
        1020.0693138001398,
        968.91757750867,
        1087.7364110723106,
        1208.7053755449517,
        743.8420322840983,
        948.4624255992537,
        822.1906323114927,
        1158.539706134882,
        865.1360249211726,
        1018.6489761943637,
        946.6372169763366,
        948.972869788398,
        1103.632066195877,
        1036.743579495183,
        1098.5384412335848,
        978.1651934493827,
        789.8738367510567,
        986.7896237727294,
        1144.285358984089,
        768.9904269051613,
        1071.203608346762,
        896.8333766764936,
        730.1495465085105,
        977.0484126040503,
        956.8787621554843,
        1047.16628442508,
        1036.4042944637413,
        1002.5966665242372,
        1253.7488512413875,
        1154.0384772167988,
        966.5630579614641,
        1270.1100042210599,
        793.453433038209,
        996.5256038148755,
        1056.34405258485,
        949.0914702531868,
        1285.4709795332026,
        979.1509795161421,
        1229.4185714704977,
        902.2123309165905,
        748.2929932043096,
        1164.8984717275669,
        1150.838777305288,
        948.6974941708323,
        970.62549398587,
        1191.972438969309,
        946.6865664779755,
        825.5551853081481,
        1141.6078250356325,
        965.4333439513683,
        1001.9832263079765,
        950.5550542896768,
        871.7303018998728,
        958.0096494433915,
        1249.0731329570856,
        978.5867229670155,
        1032.9567879555943,
        849.7778686010934,
        1016.1544328486592,
        997.8965914538268,
        1083.2036029292183,
        949.2776262027307,
        865.7336905508749,
        898.9277031696769,
        989.7268772024994,
        1037.5482820878988,
        799.0013592291423,
        1195.6508460913901,
        938.141261156731,
        1197.201366140788,
        1126.549954242257
    ],
    "best_average": 0,
    "average": 0
}