{
    "episode": 620,
    "total_average": [
        995.6092563175549,
        1009.0705272574249,
        1481.6833238926813,
        858.2570882858589,
        1242.5962830410845,
        952.6361997575352,
        935.3312323356026,
        1170.4877191428245,
        910.3239822374959,
        817.9856279525118,
        946.1452538611161,
        1040.2089443339364,
        992.4605257275164,
        977.5192143757354,
        1262.057835462414,
        1062.8044824123265,
        963.1321175998074,
        781.9796664094138,
        1036.313896524107,
        926.8962453253638,
        984.5631380087679,
        812.5815325820553,
        780.1254088994048,
        1057.2295184740506,
        894.8641448597449,
        863.0741975401033,
        984.4965934836954,
        762.1328000160166,
        1102.811079954194,
        1100.0168562615218,
        1141.9400414732024,
        889.1044017683104,
        1118.6372319485654,
        1130.3293123626593,
        910.4939949073447,
        1003.315831216278,
        978.7550190654632,
        1021.1444600834639,
        844.1977646663604,
        1069.4195406494232,
        896.6456892282955,
        1046.9131112907437,
        1033.008276863572,
        989.2595917217185,
        977.9473398894596,
        865.6004764405328,
        1125.998194651522,
        997.7691553121408,
        1053.6207802347892,
        1074.091770806095,
        988.1288038225816,
        810.9229094767808,
        1017.691741404312,
        748.9449633857192,
        1074.4560579782742,
        1116.2567722219587,
        998.5260071519984,
        911.5477123553404,
        980.2295074735324,
        1008.5789624299379,
        997.4814581989871,
        914.7738496858825,
        979.8448906963991,
        1120.9819329032232,
        1050.7039525008404,
        977.8895294922817,
        1053.7287356357979,
        1077.9710643821463,
        1010.092756011504,
        967.6563311097702,
        961.7766191584104,
        683.3624671390996,
        958.7743225279575,
        840.2675101117389,
        1085.1360835460298,
        1146.0173793207168,
        962.7311982536157,
        1009.9244017819957,
        1195.4095834846016,
        1117.2332127407267,
        1158.9139202714941,
        1014.639714291899,
        1007.5582901378647,
        1038.0090948856025,
        969.2488368342301,
        1093.4999609797999,
        1086.1741770472554,
        938.882713010445,
        924.4888141434712,
        1035.928951641144,
        931.9092806347923,
        982.590036024622,
        1104.0410279317057,
        1147.3343882801692,
        935.409811385143,
        1017.5901477215974,
        1073.767503729261,
        1142.652431265841,
        1137.6304413739215,
        969.5677589973275,
        936.8418797069053,
        1032.3722907511487,
        823.3409747855962,
        1031.5184329052058,
        1015.4106524928746,
        1013.892536208554,
        966.8587362244674,
        863.5238479571318,
        1061.9096744093204,
        1148.833148319735,
        1002.4849647930533,
        1073.2883189300956,
        985.8826926459942,
        1034.6422464935868,
        1109.0524972259798,
        1029.043405659339,
        954.2777715402656,
        1013.19312992861,
        987.545709994475,
        1082.4659513193249,
        1008.4273145908153,
        939.1025484305769,
        1088.8900549193238,
        966.3839695130368,
        989.5487820324569,
        984.0985698057857,
        1113.6781405475588,
        1121.2406907879529,
        1318.7627061571434,
        1085.037610841563,
        966.7545611936322,
        1118.7428448095354,
        1023.4399260625066,
        1048.6481202065731,
        1202.0434295239386,
        964.3673637896595,
        992.9958243742959,
        1029.365351346944,
        1354.0733841379815,
        938.9800935489068,
        1182.1405814222292,
        1032.7454938304606,
        1017.9260670056639,
        930.4762331484666,
        1014.1180643774022,
        1092.0011412878973,
        1090.560996717788,
        1051.970188726939,
        1006.5987019043317,
        920.2958929904037,
        1102.7020202505976,
        1016.5160614348705,
        1016.3057074156617,
        1032.8001065324108,
        948.6710195306559,
        787.1442095017121,
        905.3338150568468,
        1016.4369364772468,
        969.6112691948678,
        954.1024515796164,
        689.1206061310163,
        978.0721732409801,
        1049.4736423557056,
        1051.8062135597932,
        1012.2488959747437,
        1081.272719440591,
        945.0879364860275,
        1062.186335204442,
        1068.9042241456689,
        1044.082585993782,
        1081.784511412137,
        1072.9631130658288,
        1097.5182038909347,
        1112.8491167901714,
        1007.124834956987,
        1049.425184845562,
        815.6350911985779,
        910.1775697496769,
        1045.965439058243,
        1055.2830902340877,
        1022.5251835126318,
        1025.955749741394,
        1023.6251743851113,
        995.2148311167273,
        1080.585540749973,
        998.9135997323851,
        1091.158935737168,
        873.445991522854,
        1028.6271195661054,
        837.833085872221,
        915.0256254535348,
        1031.1018873331373,
        889.9714472278978,
        1007.5608496886916,
        1014.613423619629,
        905.1856125948991,
        907.4042465708696,
        1061.3383498480766,
        1070.4580203190665,
        1072.2331052614911,
        1055.6865348176163,
        1002.8570235547621,
        1159.8598053353467,
        1088.6162653142883,
        1078.4581087763702,
        1055.2245430801593,
        954.1582433629189,
        1024.9222795687624,
        889.6393459984085,
        1024.9198725491467,
        878.5584449233376,
        905.8727942846396,
        1103.6217517784005,
        909.2470464564736,
        963.7327860933731,
        970.3857042659597,
        948.0855142405924,
        1012.1277722038418,
        1053.1293126169937,
        1021.3200940321435,
        1011.5115183706203,
        981.321958985543,
        971.3900173126907,
        1002.5562236142474,
        1033.2549281142437,
        1266.6406453892364,
        1054.719750424668,
        1051.6909425856134,
        795.5120412783532,
        999.3786179378071,
        944.8135783706813,
        1016.7712299795368,
        1013.8844019138451,
        1169.1619636677508,
        995.0133278905532,
        965.5266621322332,
        1046.862814327115,
        901.199453602659,
        906.5823996353911,
        1011.9935133562913,
        1084.9833373405424,
        970.5001107811158,
        999.454324051852,
        1011.0143250903982,
        1060.8667408564606,
        976.1698653008771,
        1167.4540471052844,
        991.1409705725448,
        1031.3134644475049,
        979.0398998415297,
        1001.1132386698274,
        999.162177174769,
        1043.2947176655427,
        1008.3750320416437,
        918.527427355639,
        995.9124793694423,
        1019.9915296069009,
        952.0374744769975,
        1050.6141095407993,
        1002.1053606530672,
        1058.908124385829,
        1028.8644434116043,
        990.6202991187191,
        1061.7247124460694,
        993.1935433019844,
        942.4362405543508,
        1040.6459958910386,
        995.9257323795063,
        964.697422419981,
        1016.2082559128128,
        978.4615263345817,
        1009.4835072933843,
        999.8292790434439,
        974.1213888428226,
        996.4424404991148,
        1015.9159675822856,
        1088.1351670893464,
        971.9343321678047,
        1007.9804841325764,
        995.2159738826301,
        1032.9834576261132,
        1016.4098979277366,
        924.5631924570429,
        1017.7991479114243,
        990.8769198024198,
        1050.3817728498666,
        959.1386190881558,
        1004.662778052287,
        1012.8994668744333,
        1011.2083255451272,
