{
    "episode": 120,
    "total_average": [
        1380.9420029482953,
        1118.5310509981994,
        749.3868730119032,
        974.3387349468524,
        1143.6148972160136,
        983.383789136509,
        693.3379726567658,
        873.7158610859304,
        1064.916732829306,
        1331.6920887234103,
        1074.2804566892191,
        1151.2118100335326,
        1658.5890761427167,
        1019.6502440779147,
        853.3229999804536,
        1010.8143959295842,
        921.1013128462137,
        1036.4445936012244,
        987.3376738072799,
        1152.3582865692988,
        756.0671056394107,
        1042.509282417909,
        946.0475467486484,
        849.9534791878432,
        980.436667092989,
        1064.7707633219702,
        950.8193487193529,
        999.9415809478858,
        1055.0165936261483,
        954.7161222152471,
        1121.3119858931336,
        965.0455453690233,
        1066.0734645954253,
        733.6266303117759,
        1246.4589686520885,
        1107.7589963206974,
        1049.7886271623872,
        956.5847535058558,
        957.169559470678,
        1028.1157013991694,
        1125.4881543606516,
        1046.6186160148416,
        928.8686560423321,
        936.6148688037363,
        859.4731629028529,
        977.1683282202296,
        1095.5321218690517,
        927.7191318788693,
        978.2101538866852,
        809.2650015436063,
        1011.2674794475338,
        972.9760436300527,
        957.3267822273731,
        973.4814652378745,
        1037.5417679483203,
        1342.6595915967753,
        1234.5799641546525,
        1008.0454466905938,
        942.6964742156912,
        872.9651549420502,
        840.7164176244407,
        998.2837015792296,
        1046.5754286266829,
        1027.6951709968616,
        975.3435202753961,
        1028.2932745746214,
        798.5729288463417,
        1200.913783358648,
        876.8620586199318,
        754.9815356303029,
        857.0220452616433,
        825.4132719476625,
        1003.5811332733457,
        1011.8495631588461,
        922.2332797638626,
        1014.7078859491584,
        978.5956328167862,
        1041.7430408163739,
        833.5621632362531,
        1074.865975158264,
        1039.4334983091305,
        891.8758422178144,
        1126.505082483275,
        1027.6364575479172,
        1059.51975234036,
        1208.8070625753448,
        1050.1489949235963,
        1039.0837383335022,
        1052.2463892899889,
        954.4053883712065,
        1040.207334929627,
        1041.657476451825,
        973.8313578425355,
        948.3621040091433,
        945.7724238124996,
        992.6662201609953,
        961.5708801722599,
        1083.5944004599064,
        939.8347579178111,
        947.8493374166836,
        987.5718764387224,
        1070.6896088962048,
        978.3613194212713,
        1014.739212871128,
        977.7484425394215,
        981.3821141860807,
        1027.0147407193833,
        975.7763042111925,
        1182.3226626539292,
        998.997300736425,
        955.3431652387108,
        942.4492723538499,
        1001.2373669392671,
        982.2759625911767,
        1013.3681088218541,
        986.3191546920622,
        997.1286589885083,
        1020.5425064625452,
        1044.8474732214995,
        980.8557562388381
    ],
    "best_average": 1380.9420029482953,
    "average": 1005.0456105062016
}