{
    "episode": 280,
    "total_average": [
        968.1579701545677,
        1246.2624967711026,
        929.7675446245437,
        884.9982509987531,
        801.3016136861559,
        802.6170497529521,
        1280.1239565632764,
        777.7342137458647,
        1303.7480965624013,
        1023.5788513802772,
        1232.1393499985313,
        912.5435993530243,
        1065.6829768702817,
        967.7821254290175,
        1078.9626434092609,
        1057.7310302296635,
        822.742287797808,
        1015.626576925841,
        1004.9327492997701,
        921.2831653184369,
        896.6242920623953,
        988.4004912220321,
        1011.9578937589811,
        730.8022116379997,
        1022.0597215808701,
        899.2819261313202,
        1220.7886633499045,
        1201.5149864476775,
        964.3326541593057,
        1003.6821404042711,
        884.7719779966474,
        977.8211443646613,
        940.2432818236614,
        951.8202402741484,
        1029.737890055271,
        1122.7845524697834,
        952.7542905991011,
        992.0946607806815,
        1415.0559576134133,
        1116.4956322161454,
        970.165392210048,
        1279.5445253344249,
        916.6434362901136,
        984.7747754772108,
        1139.5316044411854,
        735.073077294553,
        1189.476412982358,
        892.0809669220449,
        991.8968927308681,
        1070.319610004816,
        1035.7916063383134,
        971.3563601858964,
        1007.2073459039515,
        1199.4985366810592,
        817.5675641228839,
        868.9732322167305,
        1225.5454016345384,
        768.8116632277769,
        938.2304933762885,
        1158.1386945020474,
        979.9176190811629,
        904.866125153244,
        903.9661782076614,
        1112.264185745731,
        983.3868606276309,
        907.4111667697763,
        991.947966162593,
        1151.2688355618368,
        879.2331363887606,
        886.3311995966244,
        1026.5486298755534,
        879.7256999839526,
        745.6271085166734,
        1169.639215647109,
        1158.1620979379518,
        852.6640200017721,
        880.4333643324238,
        1025.607487436318,
        887.4474798137256,
        1017.9966576707395,
        990.3701307761798,
        1109.6957653245474,
        1394.8308285462674,
        775.7638254994952,
        1253.676386655596,
        1208.2789580737965,
        1282.8667912094463,
        1060.6062345723344,
        679.8652669844241,
        992.5849103070448,
        1031.296985345431,
        1448.7471288717315,
        1023.5660777228371,
        1427.6614270362904,
        1084.8887762752552,
        955.8144906937408,
        1176.5587359841727,
        1098.8969137047818,
        832.1954526502324,
        1061.0758084203783
    ],
    "best_average": 0,
    "average": 0
}